<?xml version="1.0" encoding="UTF-8"?>
<project-private xmlns="http://www.netbeans.org/ns/project-private/1">
    <editor-bookmarks xmlns="http://www.netbeans.org/ns/editor-bookmarks/2" lastBookmarkId="0"/>
    <open-files xmlns="http://www.netbeans.org/ns/projectui-open-files/2">
        <group>
            <file>file:/home/tahmid/NetBeansProjects/CSE215/src/cse215/AboutPage.java</file>
            <file>file:/home/tahmid/NetBeansProjects/CSE215/src/cse215/SignupPage.java</file>
            <file>file:/home/tahmid/NetBeansProjects/CSE215/src/cse215/Main.java</file>
            <file>file:/home/tahmid/NetBeansProjects/CSE215/src/cse215/MainPage.java</file>
        </group>
    </open-files>
</project-private>
